-- EMPLOYEE ATTRIBUTES
INSERT INTO EMPLOYEE VALUES ('EMP-2019-001', 'Juan', 'Dela Cruz', TO_DATE('10-01-2019', 'DD-MM-YYYY'), 'Staff', 'B', '9181234567', 'juan.delacruz@email.com', 'Active');
INSERT INTO EMPLOYEE VALUES ('EMP-2020-001', 'Maria', 'Santos', TO_DATE('15-02-2020', 'DD-MM-YYYY'), 'Staff', 'C', '9181234568', 'maria.santos@email.com', 'Active');
INSERT INTO EMPLOYEE VALUES ('EMP-2018-001', 'Carlos', 'Reyes', TO_DATE('20-03-2018', 'DD-MM-YYYY'), 'Staff', 'P', '9181234569', 'carlos.reyes@email.com', 'Inactive');
INSERT INTO EMPLOYEE VALUES ('EMP-2021-001', 'Ana', 'Torres', TO_DATE('12-04-2021', 'DD-MM-YYYY'), 'Staff', 'B', '9181234570', 'ana.torres@email.com', 'Active');
INSERT INTO EMPLOYEE VALUES ('EMP-2019-002', 'Mark', 'Gonzales', TO_DATE('25-05-2019', 'DD-MM-YYYY'), 'Staff', 'C', '9181234571', 'mark.gonzales@email.com', 'Inactive');
INSERT INTO EMPLOYEE VALUES ('EMP-2022-001', 'Angela', 'Mendoza', TO_DATE('10-06-2022', 'DD-MM-YYYY'), 'Staff', 'P', '9181234572', 'angela.mendoza@email.com', 'Active');
INSERT INTO EMPLOYEE VALUES ('EMP-2017-001', 'Jose', 'Garcia', TO_DATE('05-07-2017', 'DD-MM-YYYY'), 'Staff', 'B', '9181234573', 'jose.garcia@email.com', 'Inactive');
INSERT INTO EMPLOYEE VALUES ('EMP-2023-001', 'Sofia', 'Domingo', TO_DATE('20-08-2023', 'DD-MM-YYYY'), 'Staff', 'C', '9181234574', 'sofia.domingo@email.com', 'Active');
INSERT INTO EMPLOYEE VALUES ('EMP-2019-003', 'Luis', 'Aquino', TO_DATE('05-09-2019', 'DD-MM-YYYY'), 'Staff', 'B', '9181234575', 'luis.aquino@email.com', 'Active');
INSERT INTO EMPLOYEE VALUES ('EMP-2020-002', 'Emma', 'Bautista', TO_DATE('15-10-2020', 'DD-MM-YYYY'), 'Staff', 'C', '9181234576', 'emma.bautista@email.com', 'Inactive');
INSERT INTO EMPLOYEE VALUES ('EMP-2021-002', 'Aaron', 'Lim', TO_DATE('10-11-2021', 'DD-MM-YYYY'), 'Staff', 'C', '9181234577', 'aaron.lim@email.com', 'Active');
INSERT INTO EMPLOYEE VALUES ('EMP-2018-002', 'Isabel', 'Ramos', TO_DATE('20-12-2018', 'DD-MM-YYYY'), 'Staff', 'P', '9181234578', 'isabel.ramos@email.com', 'Inactive');
INSERT INTO EMPLOYEE VALUES ('EMP-2022-002', 'Pedro', 'Fernandez', TO_DATE('18-01-2022', 'DD-MM-YYYY'), 'Staff', 'B', '9181234579', 'pedro.fernandez@email.com', 'Active');
INSERT INTO EMPLOYEE VALUES ('EMP-2019-004', 'Linda', 'Cruz', TO_DATE('28-02-2019', 'DD-MM-YYYY'), 'Staff', 'C', '9181234580', 'linda.cruz@email.com', 'Active');
INSERT INTO EMPLOYEE VALUES ('EMP-2023-002', 'Marco', 'Castillo', TO_DATE('22-03-2023', 'DD-MM-YYYY'), 'Staff', 'P', '9181234581', 'marco.castillo@email.com', 'Inactive');
INSERT INTO EMPLOYEE VALUES ('EMP-2021-003', 'Raul', 'Gomez', TO_DATE('20-05-2021', 'DD-MM-YYYY'), 'Staff', 'B', '9181234582', 'raul.gomez@email.com', 'Active');
INSERT INTO EMPLOYEE VALUES ('EMP-2019-005', 'Lilian', 'Hernandez', TO_DATE('08-08-2019', 'DD-MM-YYYY'), 'Staff', 'C', '9181234583', 'lilian.hernandez@email.com', 'Inactive');
INSERT INTO EMPLOYEE VALUES ('EMP-2020-003', 'Antonio', 'Lopez', TO_DATE('25-11-2020', 'DD-MM-YYYY'), 'Staff', 'P', '9181234584', 'antonio.lopez@email.com', 'Active');
INSERT INTO EMPLOYEE VALUES ('EMP-2017-002', 'Carmen', 'Torres', TO_DATE('15-06-2017', 'DD-MM-YYYY'), 'Staff', 'P', '9181234585', 'carmen.torres@email.com', 'Inactive');
INSERT INTO EMPLOYEE VALUES ('EMP-2019-006', 'Pedro', 'Jimenez', TO_DATE('05-01-2019', 'DD-MM-YYYY'), 'Staff', 'B', '9181234586', 'pedro.jimenez@email.com', 'Active');
INSERT INTO EMPLOYEE VALUES ('EMP-2022-003', 'Esther', 'Guzman', TO_DATE('18-02-2022', 'DD-MM-YYYY'), 'Staff', 'C', '9181234587', 'esther.guzman@email.com', 'Inactive');
INSERT INTO EMPLOYEE VALUES ('EMP-2021-004', 'Victor', 'Perez', TO_DATE('22-09-2021', 'DD-MM-YYYY'), 'Staff', 'P', '9181234588', 'victor.perez@email.com', 'Active');
INSERT INTO EMPLOYEE VALUES ('EMP-2023-003', 'Gina', 'Castro', TO_DATE('28-07-2023', 'DD-MM-YYYY'), 'Staff', 'B', '9181234589', 'gina.castro@email.com', 'Active');
INSERT INTO EMPLOYEE VALUES ('EMP-2020-004', 'Rafael', 'Martinez', TO_DATE('15-03-2020', 'DD-MM-YYYY'), 'Staff', 'P', '9181234590', 'rafael.martinez@email.com', 'Inactive');
INSERT INTO EMPLOYEE VALUES ('EMP-2018-003', 'Olivia', 'Jimenez', TO_DATE('05-12-2018', 'DD-MM-YYYY'), 'Staff', 'C', '9181234591', 'olivia.jimenez@email.com', 'Active');
INSERT INTO EMPLOYEE VALUES ('EMP-2023-004', 'Juan', 'Garcia', TO_DATE('12-05-2023', 'DD-MM-YYYY'), 'Staff', 'P', '9181234592', 'juan.garcia@email.com', 'Inactive');
INSERT INTO EMPLOYEE VALUES ('EMP-2021-005', 'Sandra', 'Alvarez', TO_DATE('25-10-2021', 'DD-MM-YYYY'), 'Staff', 'B', '9181234593', 'sandra.alvarez@email.com', 'Active');
INSERT INTO EMPLOYEE VALUES ('EMP-2020-005', 'Gabriel', 'Vega', TO_DATE('18-12-2020', 'DD-MM-YYYY'), 'Staff', 'B', '9181234594', 'gabriel.vega@email.com', 'Inactive');
INSERT INTO EMPLOYEE VALUES ('EMP-2019-007', 'Monica', 'Ruiz', TO_DATE('15-04-2019', 'DD-MM-YYYY'), 'Staff', 'P', '9181234595', 'monica.ruiz@email.com', 'Active');
INSERT INTO EMPLOYEE VALUES ('EMP-2022-004', 'Carlos', 'Lopez', TO_DATE('22-07-2022', 'DD-MM-YYYY'), 'Staff', 'C', '9181234596', 'carlos.lopez@email.com', 'Inactive');

SELECT * FROM EMPLOYEE;

-- DEPENDENTS ATTRIBUTES
INSERT INTO DEPENDENTS VALUES ('DP-2015-001', 'EMP-2019-001', 'Dela Cruz', 'Miguel', 'Child', TO_DATE('10-06-2015', 'DD-MM-YYYY'), 9191234567, 'miguel.delacruz@email.com', 'Active');
INSERT INTO DEPENDENTS VALUES ('DP-1987-001', 'EMP-2020-001', 'Santos', 'Rosa', 'Spouse', TO_DATE('18-09-1987', 'DD-MM-YYYY'), 9191234568, 'rosa.santos@email.com', 'Active');
INSERT INTO DEPENDENTS VALUES ('DP-1956-001', 'EMP-2018-001', 'Reyes', 'Eduardo', 'Parent', TO_DATE('20-04-1956', 'DD-MM-YYYY'), 9191234569, 'eduardo.reyes@email.com', 'Active');
INSERT INTO DEPENDENTS VALUES ('DP-1992-001', 'EMP-2021-001', 'Torres', 'Daniel', 'Sibling', TO_DATE('15-08-1992', 'DD-MM-YYYY'), 9191234570, 'daniel.torres@email.com', 'Active');
INSERT INTO DEPENDENTS VALUES ('DP-2016-001', 'EMP-2019-002', 'Gonzales', 'Elena', 'Child', TO_DATE('30-05-2016', 'DD-MM-YYYY'), 9191234571, 'elena.gonzales@email.com', 'Active');
INSERT INTO DEPENDENTS VALUES ('DP-1989-001', 'EMP-2022-001', 'Mendoza', 'Francisco', 'Spouse', TO_DATE('03-11-1989', 'DD-MM-YYYY'), 9191234572, 'francisco.mendoza@email.com', 'Active');
INSERT INTO DEPENDENTS VALUES ('DP-1954-001', 'EMP-2017-001', 'Garcia', 'Gregorio', 'Parent', TO_DATE('17-02-1954', 'DD-MM-YYYY'), 9191234573, 'gregorio.garcia@email.com', 'Active');
INSERT INTO DEPENDENTS VALUES ('DP-1991-001', 'EMP-2023-001', 'Domingo', 'Hannah', 'Spouse', TO_DATE('18-04-1991', 'DD-MM-YYYY'), 9191234574, 'hannah.domingo@email.com', 'Active');
INSERT INTO DEPENDENTS VALUES ('DP-2010-001', 'EMP-2019-003', 'Aquino', 'Ivan', 'Child', TO_DATE('29-01-2010', 'DD-MM-YYYY'), 9191234575, 'ivan.aquino@email.com', 'Active');
INSERT INTO DEPENDENTS VALUES ('DP-1962-001', 'EMP-2020-002', 'Bautista', 'Julia', 'Parent', TO_DATE('11-07-1962', 'DD-MM-YYYY'), 9191234576, 'julia.bautista@email.com', 'Active');
INSERT INTO DEPENDENTS VALUES ('DP-1995-001', 'EMP-2021-002', 'Lim', 'Karlo', 'Sibling', TO_DATE('22-11-1995', 'DD-MM-YYYY'), 9191234577, 'karlo.lim@email.com', 'Active');
INSERT INTO DEPENDENTS VALUES ('DP-1984-001', 'EMP-2018-002', 'Ramos', 'Lucia', 'Spouse', TO_DATE('20-09-1984', 'DD-MM-YYYY'), 9191234578, 'lucia.ramos@email.com', 'Active');
INSERT INTO DEPENDENTS VALUES ('DP-2018-001', 'EMP-2022-002', 'Fernandez', 'Mateo', 'Child', TO_DATE('09-03-2018', 'DD-MM-YYYY'), 9191234579, 'mateo.fernandez@email.com', 'Active');
INSERT INTO DEPENDENTS VALUES ('DP-1958-001', 'EMP-2019-004', 'Cruz', 'Norma', 'Parent', TO_DATE('12-02-1958', 'DD-MM-YYYY'), 9191234580, 'norma.cruz@email.com', 'Active');
INSERT INTO DEPENDENTS VALUES ('DP-2013-001', 'EMP-2023-002', 'Castillo', 'Oscar', 'Child', TO_DATE('23-06-2013', 'DD-MM-YYYY'), 9191234581, 'oscar.castillo@email.com', 'Active');
INSERT INTO DEPENDENTS VALUES ('DP-1960-001', 'EMP-2021-003', 'Gomez', 'Patricia', 'Parent', TO_DATE('04-12-1960', 'DD-MM-YYYY'), 9191234582, 'patricia.gomez@email.com', 'Active');
INSERT INTO DEPENDENTS VALUES ('DP-1992-002', 'EMP-2019-005', 'Hernandez', 'Quintin', 'Spouse', TO_DATE('13-05-1992', 'DD-MM-YYYY'), 9191234583, 'quintin.hernandez@email.com', 'Active');
INSERT INTO DEPENDENTS VALUES ('DP-2017-001', 'EMP-2020-003', 'Lopez', 'Ricardo', 'Child', TO_DATE('25-09-2017', 'DD-MM-YYYY'), 9191234584, 'ricardo.lopez@email.com', 'Active');
INSERT INTO DEPENDENTS VALUES ('DP-1955-001', 'EMP-2017-002', 'Torres', 'Santiago', 'Parent', TO_DATE('30-06-1955', 'DD-MM-YYYY'), 9191234585, 'santiago.torres@email.com', 'Active');
INSERT INTO DEPENDENTS VALUES ('DP-1986-001', 'EMP-2019-006', 'Jimenez', 'Teresa', 'Spouse', TO_DATE('12-08-1986', 'DD-MM-YYYY'), 9191234586, 'teresa.jimenez@email.com', 'Active');
INSERT INTO DEPENDENTS VALUES ('DP-2012-001', 'EMP-2022-003', 'Guzman', 'Ulysses', 'Child', TO_DATE('14-02-2012', 'DD-MM-YYYY'), 9191234587, 'ulysses.guzman@email.com', 'Active');
INSERT INTO DEPENDENTS VALUES ('DP-1968-001', 'EMP-2021-004', 'Perez', 'Victoriano', 'Parent', TO_DATE('27-11-1968', 'DD-MM-YYYY'), 9191234588, 'victoriano.perez@email.com', 'Active');
INSERT INTO DEPENDENTS VALUES ('DP-1990-001', 'EMP-2023-003', 'Castro', 'Wendy', 'Spouse', TO_DATE('09-03-1990', 'DD-MM-YYYY'), 9191234589, 'wendy.castro@email.com', 'Active');
INSERT INTO DEPENDENTS VALUES ('DP-2015-002', 'EMP-2020-004', 'Martinez', 'Xander', 'Child', TO_DATE('04-07-2015', 'DD-MM-YYYY'), 9191234590, 'xander.martinez@email.com', 'Active');
INSERT INTO DEPENDENTS VALUES ('DP-1965-001', 'EMP-2018-003', 'Jimenez', 'Amelia', 'Parent', TO_DATE('02-05-1965', 'DD-MM-YYYY'), 9191234591, 'amelia.jimenez@email.com', 'Active');
INSERT INTO DEPENDENTS VALUES ('DP-1988-001', 'EMP-2023-004', 'Garcia', 'Zandro', 'Spouse', TO_DATE('15-01-1988', 'DD-MM-YYYY'), 9191234592, 'zandro.garcia@email.com', 'Active');
INSERT INTO DEPENDENTS VALUES ('DP-2016-002', 'EMP-2021-005', 'Alvarez', 'Ava', 'Child', TO_DATE('08-11-2016', 'DD-MM-YYYY'), 9191234593, 'ava.alvarez@email.com', 'Active');
INSERT INTO DEPENDENTS VALUES ('DP-1957-001', 'EMP-2020-005', 'Vega', 'Benjamin', 'Parent', TO_DATE('19-10-1957', 'DD-MM-YYYY'), 9191234594, 'benjamin.vega@email.com', 'Active');
INSERT INTO DEPENDENTS VALUES ('DP-1993-001', 'EMP-2019-007', 'Ruiz', 'Clara', 'Spouse', TO_DATE('23-09-1993', 'DD-MM-YYYY'), 9181234595, 'clara.ruiz@email.com', 'Active');
INSERT INTO DEPENDENTS VALUES ('DP-2014-001', 'EMP-2022-004', 'Lopez', 'Diego', 'Child', TO_DATE('15-05-2014', 'DD-MM-YYYY'), 9181234596, 'diego.lopez@email.com', 'Active');

SELECT * FROM DEPENDENTS;

-- PAYMENTS ATTRIBUTES
INSERT INTO PAYMENTS VALUES ('EMP-2022-001', 'CUS-123456789', TO_DATE('02-02-2025', 'DD-MM-YYYY'), 'Credit Card', 'Paid', 1299.00);
INSERT INTO PAYMENTS VALUES ('EMP-2020-003', 'CUS-987654321', TO_DATE('07-02-2025', 'DD-MM-YYYY'), 'Bank Transfer', 'Pending', 1699.00);
INSERT INTO PAYMENTS VALUES ('EMP-2018-002', 'CUS-555121212', TO_DATE('10-02-2025', 'DD-MM-YYYY'), 'Cash', 'Paid', 2099.00);
INSERT INTO PAYMENTS VALUES ('EMP-2021-004', 'CUS-901827364', TO_DATE('18-02-2025', 'DD-MM-YYYY'), 'Bank Transfer', 'Paid', 1899.00);
INSERT INTO PAYMENTS VALUES ('EMP-2019-007', 'CUS-667788990', TO_DATE('22-02-2025', 'DD-MM-YYYY'), 'Cash', 'Pending', 1599.00);
INSERT INTO PAYMENTS VALUES ('EMP-2023-002', 'CUS-234567890', TO_DATE('26-02-2025', 'DD-MM-YYYY'), 'Credit Card', 'Paid', 1899.00);
INSERT INTO PAYMENTS VALUES ('EMP-2023-004', 'CUS-789012345', TO_DATE('01-03-2025', 'DD-MM-YYYY'), 'Credit Card', 'Paid', 2499.00);
INSERT INTO PAYMENTS VALUES ('EMP-2020-004', 'CUS-102938475', TO_DATE('05-03-2025', 'DD-MM-YYYY'), 'Bank Transfer', 'Pending', 1299.00);
INSERT INTO PAYMENTS VALUES ('EMP-2022-004', 'CUS-345678901', TO_DATE('10-03-2025', 'DD-MM-YYYY'), 'Cash', 'Paid', 1999.00);
INSERT INTO PAYMENTS VALUES ('EMP-2017-002', 'CUS-112233445', TO_DATE('15-03-2025', 'DD-MM-YYYY'), 'Credit Card', 'Pending', 1499.00);
--
SELECT * FROM PAYMENTS;

--BILLING ATTRIBUTES B
INSERT INTO BILLING VALUES ('EMP-2019-001', 'CUS-123456789', 'Paid');
INSERT INTO BILLING VALUES ('EMP-2021-001', 'CUS-987654321', 'Unpaid');
INSERT INTO BILLING VALUES ('EMP-2019-003', 'CUS-555121212', 'Pending');
INSERT INTO BILLING VALUES ('EMP-2021-003', 'CUS-102938475', 'Overdue');
INSERT INTO BILLING VALUES ('EMP-2017-001', 'CUS-901827364', 'Paid');
INSERT INTO BILLING VALUES ('EMP-2019-006', 'CUS-112233445', 'Cancelled');
INSERT INTO BILLING VALUES ('EMP-2021-005', 'CUS-667788990', 'Unpaid');
INSERT INTO BILLING VALUES ('EMP-2023-003', 'CUS-345678901', 'Overdue');
INSERT INTO BILLING VALUES ('EMP-2020-005', 'CUS-234567890', 'Pending');
INSERT INTO BILLING VALUES ('EMP-2019-004', 'CUS-789012345', 'Paid');
SELECT * FROM BILLING;


--

-- COLLECTIONS ATTRIBUTES B
INSERT INTO COLLECTION VALUES ('EMP-2020-002', 'CUS-123456789', 'Collected');
INSERT INTO COLLECTION VALUES ('EMP-2021-002', 'CUS-987654321', 'Not Collected');
INSERT INTO COLLECTION VALUES ('EMP-2019-005', 'CUS-555121212', 'Partially Collected');
INSERT INTO COLLECTION VALUES ('EMP-2018-003', 'CUS-102938475', 'Not Collected');
INSERT INTO COLLECTION VALUES ('EMP-2019-002', 'CUS-901827364', 'Collected');
INSERT INTO COLLECTION VALUES ('EMP-2022-004', 'CUS-112233445', 'Not Collected');
INSERT INTO COLLECTION VALUES ('EMP-2021-001', 'CUS-667788990', 'In Progress');
INSERT INTO COLLECTION VALUES ('EMP-2023-001', 'CUS-345678901', 'Partially Collected');
INSERT INTO COLLECTION VALUES ('EMP-2020-001', 'CUS-234567890', 'Collected');
INSERT INTO COLLECTION VALUES ('EMP-2019-004', 'CUS-789012345', 'Collected');

SELECT * FROM COLLECTION;
 --

 -- CUSTOMER ATTRIBUTES B
INSERT INTO CUSTOMER VALUES ('CUS-123456789','Active',09458821940,'DJuan@gmail.com','Marilao,Bulacan');
INSERT INTO CUSTOMER VALUES ('CUS-987654321', 'Inactive', 09234567890, 'pedro_santos2@gmail.com', 'Cebu City, Cebu');
INSERT INTO CUSTOMER VALUES ('CUS-555121212', 'Active', 09345678901, 'maria_rodriguez3@hotmail.com', 'Davao City, Davao del Sur');
INSERT INTO CUSTOMER VALUES ('CUS-102938475', 'Inactive', 09456789012, 'carlos_mendoza4@outlook.com', 'Baguio City, Benguet');
INSERT INTO CUSTOMER VALUES ('CUS-901827364', 'Active', 09567890123, 'ana_garcia5@gmail.com', 'Iloilo City, Iloilo');
INSERT INTO CUSTOMER VALUES ('CUS-112233445', 'Active', 09678901234, 'ricardo_torres6@yahoo.com', 'Cagayan de Oro, Misamis Oriental');
INSERT INTO CUSTOMER VALUES ('CUS-667788990', 'Inactive', 09789012345, 'sofia_fernandez7@hotmail.com', 'Legazpi City, Albay');
INSERT INTO CUSTOMER VALUES ('CUS-345678901', 'Inactive', 09890123456, 'manuel_reyes8@gmail.com', 'General Santos City, South Cotabato');
INSERT INTO CUSTOMER VALUES ('CUS-234567890', 'Active', 09901234567, 'beatriz_ramos9@outlook.com', 'Tagbilaran City, Bohol');
INSERT INTO CUSTOMER VALUES ('CUS-789012345', 'Active', 09102345678, 'antonio_cruz10@yahoo.com', 'Zamboanga City, Zamboanga del Sur');

SELECT * FROM CUSTOMER;
 --

 -- STATEMENT OF ACCOUNT ATTRIBUTES

INSERT INTO STATEMENT_OF_ACCOUNT VALUES (12345678901, 'EMP-2019-001', 'CUS-123456789', '2025-03-01 to 2025-03-15', TO_DATE('2025-03-01', 'YYYY-MM-DD'), 3000.00, 'Partial payment made.');
INSERT INTO STATEMENT_OF_ACCOUNT VALUES (98765432109, 'EMP-2021-001', 'CUS-987654321', '2025-03-02 to 2025-03-16', TO_DATE('2025-03-02', 'YYYY-MM-DD'), 0.00, 'Fully paid.');
INSERT INTO STATEMENT_OF_ACCOUNT VALUES (55512121234, 'EMP-2019-003', 'CUS-555121212', '2025-03-03 to 2025-03-17', TO_DATE('2025-03-03', 'YYYY-MM-DD'), 3000.00, 'Payment overdue.');
INSERT INTO STATEMENT_OF_ACCOUNT VALUES (10293847567, 'EMP-2021-003', 'CUS-102938475', '2025-03-04 to 2025-03-18', TO_DATE('2025-03-04', 'YYYY-MM-DD'), 0.00, 'Cleared balance.');
INSERT INTO STATEMENT_OF_ACCOUNT VALUES (90182736456, 'EMP-2017-001', 'CUS-901827364', '2025-03-05 to 2025-03-19', TO_DATE('2025-03-05', 'YYYY-MM-DD'), 4000.00, 'Awaiting full payment.');
INSERT INTO STATEMENT_OF_ACCOUNT VALUES (66778899012, 'EMP-2019-006', 'CUS-112233445', '2025-03-06 to 2025-03-20', TO_DATE('2025-03-06', 'YYYY-MM-DD'), 1500.00, 'Payment reminder sent.');
INSERT INTO STATEMENT_OF_ACCOUNT VALUES (34567890123, 'EMP-2021-005', 'CUS-667788990', '2025-03-07 to 2025-03-21', TO_DATE('2025-03-07', 'YYYY-MM-DD'), 2500.00, 'Dispute pending.');
INSERT INTO STATEMENT_OF_ACCOUNT VALUES (23456789012, 'EMP-2023-003', 'CUS-345678901', '2025-03-08 to 2025-03-22', TO_DATE('2025-03-08', 'YYYY-MM-DD'), 0.00, 'Account settled.');
INSERT INTO STATEMENT_OF_ACCOUNT VALUES (78901234567, 'EMP-2020-005', 'CUS-234567890', '2025-03-09 to 2025-03-23', TO_DATE('2025-03-09', 'YYYY-MM-DD'), 3500.00, 'Payment plan initiated.');
INSERT INTO STATEMENT_OF_ACCOUNT VALUES (45678901234, 'EMP-2019-004', 'CUS-789012345', '2025-03-10 to 2025-03-24', TO_DATE('2025-03-10', 'YYYY-MM-DD'), 1000.00, 'Payment received.');


 
 SELECT * FROM STATEMENT_OF_ACCOUNT;
 
 

 

 
---

 -- SUBSCRITION ATTRIBUTES
 

INSERT INTO SUBSCRIPTION VALUES ('SUB-123456789', 'SERV00001', 'CUS-123456789', 'Active', TO_DATE('2025-03-01', 'YYYY-MM-DD'), TO_DATE('2025-09-01', 'YYYY-MM-DD'));
INSERT INTO SUBSCRIPTION VALUES ('SUB-987654321', 'SERV00002', 'CUS-987654321', 'Expired', TO_DATE('2025-02-15', 'YYYY-MM-DD'), TO_DATE('2025-08-15', 'YYYY-MM-DD'));
INSERT INTO SUBSCRIPTION VALUES ('SUB-555121212', 'SERV00003', 'CUS-555121212', 'Active', TO_DATE('2025-04-01', 'YYYY-MM-DD'), TO_DATE('2025-10-01', 'YYYY-MM-DD'));
INSERT INTO SUBSCRIPTION VALUES ('SUB-102938475', 'SERV00004', 'CUS-102938475', 'Cancelled', TO_DATE('2025-01-10', 'YYYY-MM-DD'), TO_DATE('2025-07-10', 'YYYY-MM-DD'));
INSERT INTO SUBSCRIPTION VALUES ('SUB-901827364', 'SERV00005', 'CUS-901827364', 'Active', TO_DATE('2025-03-20', 'YYYY-MM-DD'), TO_DATE('2025-09-20', 'YYYY-MM-DD'));
INSERT INTO SUBSCRIPTION VALUES ('SUB-667788990', 'SERV00006', 'CUS-667788990', 'Active', TO_DATE('2025-05-01', 'YYYY-MM-DD'), TO_DATE('2025-11-01', 'YYYY-MM-DD'));
INSERT INTO SUBSCRIPTION VALUES ('SUB-345678901', 'SERV00007', 'CUS-345678901', 'Pending', TO_DATE('2025-06-15', 'YYYY-MM-DD'), TO_DATE('2025-12-15', 'YYYY-MM-DD'));
INSERT INTO SUBSCRIPTION VALUES ('SUB-234567890', 'SERV00008', 'CUS-234567890', 'Active', TO_DATE('2025-07-01', 'YYYY-MM-DD'), TO_DATE('2026-01-01', 'YYYY-MM-DD'));
INSERT INTO SUBSCRIPTION VALUES ('SUB-789012345', 'SERV00009', 'CUS-789012345', 'Active', TO_DATE('2025-08-10', 'YYYY-MM-DD'), TO_DATE('2026-02-10', 'YYYY-MM-DD'));
INSERT INTO SUBSCRIPTION VALUES ('SUB-456789012', 'SERV00010', 'CUS-789012345', 'Expired', TO_DATE('2025-09-20', 'YYYY-MM-DD'), TO_DATE('2026-03-20', 'YYYY-MM-DD'));

 
 SELECT * FROM SUBSCRIPTION;
 

 --

 -- SERVICE ATTRIBUTES
 
INSERT INTO SERVICE VALUES ('SERV00001', 'Fiber Unli 1299', 'Internet', 'Unlimited fiber internet with speeds up to 50 Mbps.', 1299.00, 'Fiber Modem, Router');
INSERT INTO SERVICE VALUES ('SERV00002', 'Fiber Unli 2499', 'Internet', 'Unlimited fiber internet with speeds up to 200 Mbps.', 2499.00, 'Fiber Modem, Router');
INSERT INTO SERVICE VALUES ('SERV00003', 'Landline Plus', 'Landline', 'Unlimited local landline calls.', 699.00, 'Landline Phone');
INSERT INTO SERVICE VALUES ('SERV00004', 'Cignal Postpaid Plan 999', 'Cable TV', 'Postpaid cable TV with access to 80+ channels.', 999.00, 'Cignal Box, Remote');
INSERT INTO SERVICE VALUES ('SERV00005', 'FamCam 360', 'Security', '360-degree home security camera with cloud storage.', 1499.00, 'FamCam 360 Camera, Power Adapter');
INSERT INTO SERVICE VALUES ('SERV00006', 'BEYOND FIBER BIZ 2500', 'Business Internet', 'Business fiber internet with dedicated bandwidth up to 100mbps', 2500.00, 'Fiber Modem, Router');
INSERT INTO SERVICE VALUES ('SERV00007', 'BEYOND FIBER BIZ 4000', 'Business Internet', 'Business fiber internet with dedicated bandwidth up to 300mbps', 4000.00, 'Fiber Modem, Router');
INSERT INTO SERVICE VALUES ('SERV00008', 'BEYOND FIBER BIZ 6000', 'Business Internet', 'Business fiber internet with dedicated bandwidth up to 600mbps', 6000.00, 'Fiber Modem, Router');
INSERT INTO SERVICE VALUES ('SERV00009', 'PLDT Home Wifi Prepaid', 'Internet', 'Prepaid Home Wifi with shareable data.', 1995.00, 'PLDT Home Wifi Unit, Sim Card');
INSERT INTO SERVICE VALUES ('SERV00010', 'PLDT Home Fibr Plus Landline', 'Internet and Landline', 'Fiber internet with unlimited local landline calls.', 1699.00, 'Fiber Modem, Router, Landline Phone');
 
 
 SELECT * FROM SERVICE; 
 

 
 
 
 
 
 
 
 
 
 
 
 
 --
 
 
 
 
 
 
 
 
 
 
 
 
 
 
  



